time,latitude,longitude,depth,mag,magType,nst,gap,dmin,rms,net,id,updated,place,type
2015-08-25T14:07:15.400Z,19.3139,-64.8943,24,3.4,Md,17,259.2,0.92975632,0.34,pr,pr15237009,2015-08-25T15:13:03.944Z,"103km NNW of Road Town, British Virgin Islands",earthquake
2015-08-25T13:26:15.330Z,35.6633333,-89.682,12.7,3.48,md,83,68,0.09276,0.15,nm,nm60087957,2015-08-25T15:18:42.884Z,"11km NNW of Covington, Tennessee",earthquake
2015-08-25T12:59:25.590Z,36.0489,-97.1413,2.61,3.5,mb_lg,,29,0.263,0.31,us,us100034qq,2015-08-25T15:19:15.160Z,"10km SW of Stillwater, Oklahoma",earthquake
2015-08-25T12:04:36.330Z,-19.7842,-178.0885,593.39,4.6,mb,,78,4.18,1.11,us,us100034qj,2015-08-25T12:23:23.027Z,"115km NNE of Ndoi Island, Fiji",earthquake
2015-08-25T11:54:33.500Z,19.4608,-66.3223,45,2.9,Md,7,291.6,0.99712997,0.2,pr,pr15237003,2015-08-25T12:27:13.017Z,"110km N of Brenas, Puerto Rico",earthquake
2015-08-25T11:49:47.830Z,19.0480003,-155.3936615,23.65,2.78,ml,13,213,0.1249,0.36,hv,hv61019206,2015-08-25T11:55:54.957Z,"19km SSE of Pahala, Hawaii",earthquake
2015-08-25T11:22:42.560Z,18.1531,145.6323,201.05,4.6,mb,,94,1.803,0.71,us,us100034qe,2015-08-25T11:46:40.465Z,"15km WNW of Pagan, Northern Mariana Islands",earthquake
2015-08-25T11:13:10.000Z,60.2922,-151.8723,93.5,2.9,ml,,,,0.93,ak,ak11685513,2015-08-25T11:38:25.684Z,"32km WSW of Cohoe, Alaska",earthquake
2015-08-25T10:04:17.900Z,19.259,-64.8332,10,3,Md,3,334.8,0.90999338,0.18,pr,pr15237008,2015-08-25T13:29:24.693Z,"95km NNW of Road Town, British Virgin Islands",earthquake
2015-08-25T09:42:33.600Z,19.1046,-64.746,67,3.1,Md,3,334.8,0.77344946,0.21,pr,pr15237007,2015-08-25T13:30:05.190Z,"77km N of Road Town, British Virgin Islands",earthquake
2015-08-25T09:39:04.600Z,19.2756,-64.846,10,3,Md,4,324,0.92436643,0.17,pr,pr15237006,2015-08-25T13:31:13.645Z,"98km NNW of Road Town, British Virgin Islands",earthquake
2015-08-25T09:02:52.200Z,18.93,-66.7741,59,3.3,Md,15,226.8,0.50664982,0.3,pr,pr15237002,2015-08-25T09:26:12.199Z,"49km N of Hatillo, Puerto Rico",earthquake
2015-08-25T08:35:06.000Z,19.6145,-65.944,54,3,Md,6,316.8,1.33669314,0.17,pr,pr15237004,2015-08-25T12:33:53.712Z,"128km N of San Juan, Puerto Rico",earthquake
2015-08-25T07:43:55.900Z,44.812,-111.5956,10.5,3.4,mc,66,32.3999974080002,0.09611974,0.23,mb,mb15710001,2015-08-25T14:29:48.653Z,"44km WNW of West Yellowstone, Montana",earthquake
2015-08-25T06:16:39.600Z,-29.7005,-71.414,55.79,4.5,mb,,88,0.265,1.03,us,us100034ns,2015-08-25T14:19:22.907Z,"27km NW of La Serena, Chile",earthquake
2015-08-25T05:27:20.800Z,19.4344,-66.3202,55,4.1,Md,18,230.4,0.97107882,0.49,pr,pr15237001,2015-08-25T13:30:12.671Z,"94km N of Brenas, Puerto Rico",earthquake
2015-08-25T03:34:49.450Z,36.0287,-97.1376,1.69,3,mb_lg,,38,0.253,0.51,us,us100034nd,2015-08-25T13:17:15.034Z,"11km SW of Stillwater, Oklahoma",earthquake
2015-08-25T03:29:35.080Z,4.9864,93.3111,31.59,5.1,mb,,55,3.629,1.03,us,us100034nc,2015-08-25T04:47:07.332Z,"231km WSW of Banda Aceh, Indonesia",earthquake
2015-08-25T03:00:47.100Z,18.368,-68.5848,97,3.4,Md,9,313.2,0.2407485,0.27,pr,pr15237000,2015-08-25T11:03:24.980Z,"2km ESE of Boca de Yuma, Dominican Republic",earthquake
2015-08-25T00:55:01.560Z,51.7481,-175.3666,49.22,4.9,mb,,128,0.551,0.9,us,us100034n0,2015-08-25T08:57:31.806Z,"90km E of Adak, Alaska",earthquake
2015-08-24T23:42:57.200Z,18.7565,-67.4637,72,2.9,Md,5,313.2,0.67912635,0.38,pr,pr15236010,2015-08-25T07:45:25.245Z,"48km NW of Aguadilla, Puerto Rico",earthquake
2015-08-24T23:42:16.000Z,62.9581,-149.6134,77.5,2.6,ml,,,,0.83,ak,ak11685364,2015-08-25T07:44:57.960Z,"58km SW of Cantwell, Alaska",earthquake
2015-08-24T21:50:40.990Z,-17.8409,-178.5617,590.78,4.5,mb,,85,3.227,0.89,us,us100034lp,2015-08-25T05:53:21.606Z,"269km SE of Lambasa, Fiji",earthquake
2015-08-24T21:09:45.740Z,39.584,-123.3935,0.5,2.66,md,39,101,0.06002,0.08,nc,nc72512161,2015-08-25T02:20:05.501Z,"13km SSE of Laytonville, California",earthquake
2015-08-24T20:37:19.000Z,60.0127,-152.6918,93.6,2.7,ml,,,,0.75,ak,ak11684866,2015-08-25T04:40:01.634Z,"52km S of Redoubt Volcano, Alaska",earthquake
2015-08-24T18:52:22.800Z,18.1093,-67.0248,25,2.5,Md,12,111.6,0.0880349,0.31,pr,pr15236009,2015-08-25T02:55:01.844Z,"3km NE of San German, Puerto Rico",earthquake
2015-08-24T16:23:52.930Z,37.2432,55.1691,30.71,4.1,mb,,214,2.44,1.03,us,us100034i4,2015-08-25T00:26:35.070Z,"0km SSE of Gonbad-e Qabus, Iran",earthquake
2015-08-24T16:09:41.780Z,35.8401,-97.4226,7.57,2.9,mb_lg,,63,0.05,0.44,us,us100034ll,2015-08-25T00:12:14.301Z,"4km S of Guthrie, Oklahoma",earthquake
2015-08-24T16:09:15.780Z,36.9717,30.7089,94.95,4.2,mb,,98,0.679,0.68,us,us100034i0,2015-08-25T00:12:01.326Z,"7km N of Antalya, Turkey",earthquake
2015-08-24T15:01:40.160Z,-22.3424,-179.5963,597.18,4.4,mb,,115,5.079,0.86,us,us100034hq,2015-08-24T23:04:18.837Z,"209km SSW of Ndoi Island, Fiji",earthquake
2015-08-24T14:33:44.080Z,46.7531667,-122.1796667,10.073,2.93,ml,46,55,0.2353,0.16,uw,uw61057477,2015-08-25T14:25:22.135Z,"13km SSE of Eatonville, Washington",earthquake
2015-08-24T14:28:02.200Z,18.7448,-66.5664,44,2.8,Md,10,237.6,0.26769795,0.27,pr,pr15236007,2015-08-24T22:30:40.687Z,"32km NNW of Tierras Nuevas Poniente, Puerto Rico",earthquake
2015-08-24T14:24:07.000Z,-21.713,-68.501,120.3,4.6,mb,,,,0.86,us,us100034hd,2015-08-24T22:26:41.687Z,"94km NNE of Calama, Chile",earthquake
2015-08-24T13:50:57.220Z,-7.1396,131.5247,196.46,4.3,mb,,142,0.867,0.56,us,us100034h7,2015-08-24T21:53:30.057Z,"92km NNE of Saumlaki, Indonesia",earthquake
2015-08-24T13:34:33.220Z,37.599,-118.7888333,7.36,2.87,md,33,75,0.03322,0.04,nc,nc72511936,2015-08-24T19:13:04.242Z,"17km ESE of Mammoth Lakes, California",earthquake
2015-08-24T13:09:44.270Z,-7.3956,129.1195,153.46,4,mb,,54,2.237,0.76,us,us100034h2,2015-08-24T21:12:18.993Z,"250km WNW of Saumlaki, Indonesia",earthquake
2015-08-24T11:51:01.920Z,56.1847,164.2991,31.71,5,mb,,97,4.562,0.74,us,us100034fr,2015-08-24T19:53:35.932Z,"113km E of Ust'-Kamchatsk Staryy, Russia",earthquake
2015-08-24T10:50:43.500Z,36.0243,-97.1332,0.108,2.7,ml,,66,,0.61,us,us100034he,2015-08-24T21:42:29.434Z,"10km WNW of Perkins, Oklahoma",earthquake
2015-08-24T10:01:03.470Z,-18.0088,-70.9296,71.48,4.9,mb,,142,0.664,1.38,us,us100034fm,2015-08-24T14:52:03.204Z,"59km SE of Ilo, Peru",earthquake
2015-08-24T09:41:26.260Z,-30.8754,-178.3186,220.78,5.7,mwp,,76,1.659,1.03,us,us100034fl,2015-08-24T18:56:57.000Z,"83km NE of L'Esperance Rock, New Zealand",earthquake
2015-08-24T08:34:51.400Z,19.4776,-65.6895,98,3.4,Md,10,266.4,1.20913237,0.25,pr,pr15236006,2015-08-24T16:37:32.474Z,"117km N of Vieques, Puerto Rico",earthquake
2015-08-24T08:14:29.100Z,19.2735,-66.4485,46,2.7,Md,12,270,0.79500903,0.2,pr,pr15236005,2015-08-24T16:17:10.805Z,"89km N of Tierras Nuevas Poniente, Puerto Rico",earthquake
2015-08-24T07:09:02.000Z,65.1456,-148.8384,15.9,2.8,ml,,,,0.74,ak,ak11684282,2015-08-24T15:11:30.160Z,"51km NW of Ester, Alaska",earthquake
2015-08-24T06:59:53.500Z,18.6791,-64.657,77,2.9,Md,8,234,0.26320638,0.07,pr,pr15236004,2015-08-24T15:02:32.381Z,"29km N of Road Town, British Virgin Islands",earthquake
2015-08-24T05:49:45.740Z,37.3066,141.1513,13.57,4.8,mb,,118,0.63,0.9,us,us100034f4,2015-08-24T09:51:34.797Z,"23km SE of Namie, Japan",earthquake
2015-08-24T05:13:50.000Z,-29.7434,-71.3054,44.27,4.8,mb,,86,0.184,0.74,us,us100034f1,2015-08-24T05:56:40.492Z,"18km NNW of La Serena, Chile",earthquake
2015-08-24T04:31:59.670Z,51.7938,178.0664,111.15,4.4,mb,,88,0.875,1.43,us,us100034ew,2015-08-24T15:11:04.115Z,"34km WSW of Little Sitkin Island, Alaska",earthquake
2015-08-24T04:25:20.780Z,40.7673,21.1991,11.29,4.3,mb,,45,1.164,0.91,us,us100034eu,2015-08-24T05:50:08.141Z,"17km W of Florina, Greece",earthquake
2015-08-24T03:59:09.910Z,37.9534,142.447,40.76,4.5,mb,,135,1.313,0.85,us,us100034er,2015-08-24T12:01:39.486Z,"112km ESE of Ishinomaki, Japan",earthquake
2015-08-24T03:43:53.000Z,44.26,11.94,22,3.5,ml,,,,0.82,us,us100034em,2015-08-24T21:19:58.989Z,"5km ESE of Faenza, Italy",earthquake
2015-08-24T03:36:28.800Z,19.4698,-65.4298,110,3.4,Md,4,331.2,1.16421661,0.15,pr,pr15236002,2015-08-24T11:39:10.485Z,"123km NNE of Vieques, Puerto Rico",earthquake
2015-08-24T03:35:50.500Z,18.1,-64.441,13,2.6,Md,5,262.8,0.35663117,0.62,pr,pr15236001,2015-08-24T11:38:24.457Z,"39km SSE of Road Town, British Virgin Islands",earthquake
2015-08-24T03:19:13.000Z,64.9867,-150.7419,18.3,2.9,ml,,,,0.73,ak,ak11684112,2015-08-24T11:21:51.638Z,"5km WSW of Manley Hot Springs, Alaska",earthquake
2015-08-24T03:09:48.300Z,18.2688,-67.5958,9,3,Md,10,169.2,0.15900181,0.21,pr,pr15236000,2015-08-24T11:12:15.887Z,"37km WSW of Rincon, Puerto Rico",earthquake
2015-08-24T02:42:48.000Z,-29.844,-71.239,44.9,4.3,mb,,,,0.81,us,us100034eh,2015-08-24T10:46:53.860Z,"7km NNE of La Serena, Chile",earthquake
2015-08-24T02:15:51.120Z,3.8399,-71.2138,14.18,4.4,mb,,101,2.762,0.99,us,us100034e9,2015-08-24T10:18:30.296Z,"106km S of Orocue, Colombia",earthquake
2015-08-24T01:59:02.920Z,-7.2036,123.755,564.68,4.7,mb,,45,2.069,0.93,us,us100034e7,2015-08-24T10:01:30.066Z,"181km NE of Palue, Indonesia",earthquake
2015-08-24T01:18:43.150Z,-20.3969,-69.188,114.61,4.7,mb,,49,0.256,1.35,us,us100034e3,2015-08-24T17:41:32.040Z,"101km ESE of Iquique, Chile",earthquake
2015-08-24T01:17:04.300Z,31.239,-115.9426667,5.066,3.12,ml,12,215,0.8791,0.22,ci,ci37231863,2015-08-24T20:28:34.417Z,"80km SE of Maneadero, B.C., MX",earthquake
2015-08-24T00:41:07.700Z,44.3865,-115.8135,5.41,2.5,ml,,32,0.713,0.83,us,us100034dy,2015-08-24T08:43:34.294Z,"23km SE of Cascade, Idaho",earthquake
2015-08-23T23:56:10.000Z,60.4313,-144.0549,21.7,3.3,ml,,,,0.94,ak,ak11684045,2015-08-24T07:58:46.048Z,"94km WNW of Cape Yakataga, Alaska",earthquake
2015-08-23T23:53:00.400Z,18.1576,-64.9231,12,2.8,Md,4,208.8,0.37280084,0.33,pr,pr15235009,2015-08-24T07:55:29.049Z,"20km S of Charlotte Amalie, U.S. Virgin Islands",earthquake
2015-08-23T23:39:48.100Z,36.2777,-97.5083,5,2.8,mb_lg,,40,0.445,0.64,us,us100034dw,2015-08-24T07:09:00.420Z,"19km W of Perry, Oklahoma",earthquake
2015-08-23T23:10:03.920Z,-29.6708,-71.4264,33.86,5.5,mb,,89,0.296,1.27,us,us100034du,2015-08-24T23:32:21.000Z,"31km NNW of La Serena, Chile",earthquake
2015-08-23T22:58:51.840Z,2.341,125.323,160.16,4.7,mb,,138,2.569,0.76,us,us100034ds,2015-08-24T07:01:22.634Z,"100km N of Bitung, Indonesia",earthquake
2015-08-23T22:13:10.380Z,18.7099,145.8267,133.69,4.6,mb,,146,2.358,0.65,us,us100034da,2015-08-24T06:15:46.459Z,"17km ESE of Agrihan, Northern Mariana Islands",earthquake
2015-08-23T20:57:05.740Z,-19.7424,-70.4073,60.44,4.9,mb,,145,0.304,1.24,us,us100034cw,2015-08-24T19:12:12.040Z,"59km NNW of Iquique, Chile",earthquake
2015-08-23T20:39:46.260Z,0.8686,97.8965,29.29,4.7,mb,,181,0.538,0.69,us,us100034cv,2015-08-24T04:42:32.318Z,"137km SW of Sibolga, Indonesia",earthquake
2015-08-23T19:54:26.400Z,5.4143,93.4156,32.66,4.7,mb,,145,5.823,0.96,us,us100034ck,2015-08-24T03:57:08.971Z,"211km W of Banda Aceh, Indonesia",earthquake
2015-08-23T19:14:41.420Z,-20.4865,-177.8474,543.59,4.3,mb,,107,4.739,0.58,us,us100034ci,2015-08-24T03:17:18.520Z,"90km ENE of Ndoi Island, Fiji",earthquake
2015-08-23T17:41:18.670Z,38.7843333,-122.7436667,4.37,3.83,mw,105,34,0.005535,0.07,nc,nc72511186,2015-08-25T07:25:16.329Z,"1km NE of The Geysers, California",earthquake
2015-08-23T17:26:15.520Z,35.4813333,-118.425,5.119,2.65,ml,46,34,0.1854,0.17,ci,ci37231743,2015-08-24T21:04:15.605Z,"13km SSE of Bodfish, California",earthquake
2015-08-23T16:21:35.320Z,36.0452,-97.1489,4.86,3.5,mb_lg,,75,0.267,0.24,us,us100034cc,2015-08-25T13:12:54.126Z,"11km SW of Stillwater, Oklahoma",earthquake
2015-08-23T16:07:31.520Z,19.7485,-155.3906667,27.599,2.56,ml,56,64,0.06732,0.12,hv,hv61016681,2015-08-24T21:04:39.063Z,"30km W of Wainaku, Hawaii",earthquake
2015-08-23T15:48:37.020Z,14.8191,146.5819,64.62,4.6,mb,,73,0.861,0.83,us,us100034c6,2015-08-23T23:51:20.467Z,"99km ESE of Saipan, Northern Mariana Islands",earthquake
2015-08-23T15:41:16.000Z,67.2342,-160.4907,15,3.2,ml,,,,0.56,ak,ak11683810,2015-08-23T23:44:27.290Z,"98km ENE of Kotzebue, Alaska",earthquake
2015-08-23T14:55:59.140Z,12.9955,-89.5909,35,4.3,mb,,141,0.771,1.53,us,us100034bv,2015-08-23T18:26:05.902Z,"61km SSW of La Libertad, El Salvador",earthquake
2015-08-23T14:33:29.100Z,1.5484,127.3877,19.16,4.7,mb,,90,0.771,0.78,us,us100034bs,2015-08-23T22:35:58.691Z,"71km WSW of Tobelo, Indonesia",earthquake
2015-08-23T13:53:07.670Z,36.2778,-97.5144,2.98,3.1,mb_lg,,61,0.441,0.35,us,us100034bm,2015-08-23T21:55:44.538Z,"20km W of Perry, Oklahoma",earthquake
2015-08-23T13:17:25.700Z,17.9873,-67.6839,65,2.8,Md,7,331.2,0.59827798,0.27,pr,pr15235008,2015-08-23T21:19:57.907Z,"52km W of Pole Ojea, Puerto Rico",earthquake
2015-08-23T13:16:52.000Z,52.6862,-168.2777,27.4,2.9,ml,,,,0.94,ak,ak11683772,2015-08-23T21:19:30.240Z,"48km SE of Nikolski, Alaska",earthquake
2015-08-23T12:52:56.130Z,40.3841667,-125.2201667,4.19,2.56,md,25,261,0.6799,0.25,nc,nc72511056,2015-08-25T03:10:30.835Z,"83km WSW of Ferndale, California",earthquake
2015-08-23T12:28:50.010Z,-27.0282,-175.292,43.12,4.6,mb,,106,3.209,0.49,us,us100034bi,2015-08-23T20:31:20.656Z,"Kermadec Islands region",earthquake
2015-08-23T10:17:08.940Z,52.6637,160.9003,33.78,4.8,mb,,120,1.411,1.2,us,us100034bf,2015-08-23T18:19:45.356Z,"157km ESE of Petropavlovsk-Kamchatskiy, Russia",earthquake
2015-08-23T09:24:53.700Z,19.1079,-65.1317,20,2.9,Md,3,288,0.80848376,0.12,pr,pr15235005,2015-08-23T17:27:28.650Z,"87km NNW of Charlotte Amalie, U.S. Virgin Islands",earthquake
2015-08-23T09:14:41.000Z,19.0976,-65.1354,34,2.9,Md,5,270,0.76177136,0.05,pr,pr15235006,2015-08-23T17:17:23.545Z,"86km NNW of Charlotte Amalie, U.S. Virgin Islands",earthquake
2015-08-23T09:06:48.200Z,18.7649,-65.0524,77,2.9,Md,4,255.6,0.42130987,0.07,pr,pr15235004,2015-08-23T17:09:29.789Z,"48km NNW of Charlotte Amalie, U.S. Virgin Islands",earthquake
2015-08-23T09:03:02.200Z,19.0035,-65.1025,62,3,Md,6,259.2,0.66385499,0.11,pr,pr15235003,2015-08-23T17:05:58.914Z,"75km NNW of Charlotte Amalie, U.S. Virgin Islands",earthquake
2015-08-23T09:02:09.040Z,27.8497,86.0595,35,5,mb,,100,12.424,0.92,us,us100034be,2015-08-23T13:43:52.876Z,"15km SE of Kodari, Nepal",earthquake
2015-08-23T08:31:51.400Z,19.1068,-64.5615,128,3.4,Md,5,288,0.62971901,0.2,pr,pr15235002,2015-08-23T16:34:25.033Z,"76km N of Road Town, British Virgin Islands",earthquake
2015-08-23T07:04:12.380Z,31.3202,-103.1325,5,2.7,mb_lg,,88,1.958,0.55,us,us100034af,2015-08-23T15:06:43.554Z,"36km ESE of Pecos, Texas",earthquake
2015-08-23T06:19:49.990Z,14.8525,-92.541,86.33,4.1,mb,,171,0.881,1.1,us,us100034ae,2015-08-23T14:22:35.928Z,"9km W of Mazatan, Mexico",earthquake
2015-08-23T04:57:04.200Z,18.0755,-67.6595,60,2.9,Md,12,201.6,0.35034296,0.43,pr,pr15235001,2015-08-23T12:59:46.586Z,"50km W of Puerto Real, Puerto Rico",earthquake
2015-08-23T04:48:49.050Z,13.129,-90.2349,49.32,5.2,mb,,120,1.122,1.15,us,us100034a7,2015-08-24T03:09:46.121Z,"67km SW of Acajutla, El Salvador",earthquake
2015-08-23T04:30:13.440Z,36.7791,-98.5178,5,3.2,mb_lg,,71,0.248,0.51,us,us100034a6,2015-08-23T17:30:26.997Z,"13km ESE of Alva, Oklahoma",earthquake
2015-08-23T03:42:06.610Z,39.3255,-123.152,6.7,2.76,md,66,36,0.1664,0.07,nc,nc72510771,2015-08-24T21:07:04.515Z,"8km NE of Redwood Valley, California",earthquake
2015-08-23T03:27:06.000Z,63.0161,-150.9288,114.8,2.8,ml,,,,0.49,ak,ak11683532,2015-08-23T11:29:47.640Z,"87km NNW of Talkeetna, Alaska",earthquake
2015-08-23T02:08:43.680Z,38.8406,141.6736,76.4,4.6,mb,,139,1.193,0.95,us,us1000349s,2015-08-23T10:11:20.746Z,"25km S of Ofunato, Japan",earthquake
2015-08-22T23:18:52.000Z,61.3239,-147.3706,3.2,3.3,ml,,,,0.84,ak,ak11683499,2015-08-23T03:56:09.291Z,"58km WNW of Valdez, Alaska",earthquake
2015-08-22T22:41:24.510Z,-38.5556,-72.5974,46.87,4,mb,,173,0.659,0.94,us,us100034de,2015-08-23T22:52:33.410Z,"13km WSW of Lautaro, Chile",earthquake
2015-08-22T21:56:19.700Z,19.0149,-67.9941,63,3.1,Md,10,252,0.61893923,0.31,pr,pr15234015,2015-08-23T05:58:49.302Z,"64km NE of Punta Cana, Dominican Republic",earthquake
2015-08-22T19:31:55.930Z,-21.8589,-177.9172,378.27,4.5,mb,,85,5.58,0.75,us,us1000348z,2015-08-23T03:34:38.681Z,"156km SSE of Ndoi Island, Fiji",earthquake
2015-08-22T19:10:58.100Z,18.6457,-64.3385,64,2.9,Md,4,309.6,0.16618833,0.07,pr,pr15234013,2015-08-23T03:13:41.385Z,"38km NE of Road Town, British Virgin Islands",earthquake
2015-08-22T18:19:59.900Z,18.8915,-68.069,91,2.9,Md,8,244.8,0.47790373,0.1,pr,pr15234012,2015-08-25T14:44:18.040Z,"49km NE of Punta Cana, Dominican Republic",earthquake
2015-08-22T17:38:38.720Z,-17.5356,-178.7682,550.65,4.6,mb,,65,3.038,1.06,us,us1000348k,2015-08-25T14:40:12.318Z,"232km ESE of Lambasa, Fiji",earthquake
2015-08-22T17:18:34.340Z,32.8298333,-118.4561667,5.768,2.68,ml,13,224,0.08903,0.35,ci,ci37231319,2015-08-24T21:14:46.085Z,"10km W of San Clemente Is. (SE tip), California",earthquake
2015-08-22T15:28:46.900Z,19.211,-65.3328,45,3,Md,9,248.4,0.89831528,0.1,pr,pr15234011,2015-08-22T23:31:30.025Z,"100km N of Culebra, Puerto Rico",earthquake
2015-08-22T14:24:44.000Z,53.2469,-166.9967,21.6,2.5,ml,,,,0.49,ak,ak11683266,2015-08-22T22:27:32.781Z,"76km SSW of Unalaska, Alaska",earthquake
2015-08-22T13:34:48.830Z,37.5975,-118.7878333,7.03,3.71,mw,39,81,0.03362,0.04,nc,nc72510456,2015-08-25T01:25:05.334Z,"17km ESE of Mammoth Lakes, California",earthquake
2015-08-22T13:17:53.690Z,-50.0294,110.9165,10,4.8,mb,,141,16.299,0.74,us,us1000347j,2015-08-22T21:20:19.772Z,"Southeast Indian Ridge",earthquake
2015-08-22T13:03:10.700Z,14.3962,-60.2173,74.84,4.9,mb,,165,0.623,0.94,us,us1000347e,2015-08-22T14:59:19.820Z,"69km ESE of Le Vauclin, Martinique",earthquake
2015-08-22T12:33:54.250Z,40.6436667,-127.2,7.05,3.33,ml,40,296,2.187,0.22,nc,nc72510441,2015-08-25T00:58:04.257Z,"248km W of Ferndale, California",earthquake
2015-08-22T12:14:04.470Z,41.766,142.79,48.01,4.7,mb,,95,0.37,0.9,us,us1000346y,2015-08-22T13:13:09.546Z,"72km SSE of Shizunai, Japan",earthquake
2015-08-22T10:00:19.550Z,6.0549,-77.5069,13.98,4.4,mb,,105,1.956,1.03,us,us1000346t,2015-08-22T18:02:59.026Z,"22km SSW of Mutis, Colombia",earthquake
2015-08-22T09:51:45.800Z,18.4244,-68.4442,125,3.3,Md,9,345.6,0.91628159,0.2,pr,pr15234010,2015-08-22T17:54:26.460Z,"17km SSW of Punta Cana, Dominican Republic",earthquake
2015-08-22T09:47:45.300Z,19.4048,-66.3125,71,3.1,Md,5,306,1.13187726,0.01,pr,pr15234009,2015-08-22T17:50:12.447Z,"103km N of Brenas, Puerto Rico",earthquake
2015-08-22T09:34:54.000Z,52.0127,-169.4149,46.8,2.5,ml,,,,0.26,ak,ak11683158,2015-08-22T19:59:28.932Z,"109km SSW of Nikolski, Alaska",earthquake
2015-08-22T09:07:59.000Z,62.8113,-150.5827,99.5,2.9,ml,,,,0.65,ak,ak11683140,2015-08-22T17:10:33.246Z,"59km NNW of Talkeetna, Alaska",earthquake
2015-08-22T08:46:49.450Z,36.8192,-97.7837,3.06,3.8,mwr,,21,0.068,0.6,us,us1000346p,2015-08-23T06:26:47.395Z,"4km WNW of Medford, Oklahoma",earthquake
2015-08-22T08:18:59.200Z,18.7014,-65.1364,59,3.5,Md,13,201.6,0.3880722,0.25,pr,pr15234008,2015-08-22T16:21:36.552Z,"45km NNW of Charlotte Amalie, U.S. Virgin Islands",earthquake
2015-08-22T07:18:06.620Z,21.4753,146.1063,56.09,4.9,mb,,84,5.12,0.75,us,us1000346d,2015-08-22T15:20:38.774Z,"162km NE of Farallon de Pajaros, Northern Mariana Islands",earthquake
2015-08-22T06:36:07.000Z,51.5784,178.2053,53.6,2.7,ml,,,,0.37,ak,ak11683079,2015-08-22T19:59:24.685Z,"46km SSW of Little Sitkin Island, Alaska",earthquake
2015-08-22T06:31:50.600Z,19.336,-66.2942,77,3.6,Md,16,223.2,0.88124729,0.62,pr,pr15234004,2015-08-22T14:34:23.993Z,"96km N of Brenas, Puerto Rico",earthquake
2015-08-22T06:25:38.500Z,14.7083,147.0177,34.83,5.2,mb,,74,1.288,1.2,us,us1000346a,2015-08-22T14:28:38.838Z,"146km ESE of Saipan, Northern Mariana Islands",earthquake
2015-08-22T06:14:20.580Z,21.4156,145.9498,60.2,4.9,mb,,82,5.052,0.83,us,us10003469,2015-08-22T14:17:16.855Z,"146km NE of Farallon de Pajaros, Northern Mariana Islands",earthquake
2015-08-22T05:29:24.600Z,19.0037,-65.0187,15,3.1,Md,5,262.8,0.65127858,0.18,pr,pr15234007,2015-08-22T13:31:51.644Z,"73km N of Charlotte Amalie, U.S. Virgin Islands",earthquake
2015-08-22T05:28:14.000Z,21.5129,143.1026,316.65,5,mb,,96,5.62,0.82,us,us10003461,2015-08-22T13:30:50.036Z,"215km WNW of Farallon de Pajaros, Northern Mariana Islands",earthquake
2015-08-22T05:26:58.400Z,18.8826,-64.9858,56,3,Md,5,248.4,0.5291077,0.17,pr,pr15234006,2015-08-22T13:29:27.114Z,"60km N of Charlotte Amalie, U.S. Virgin Islands",earthquake
2015-08-22T05:17:28.100Z,19.1662,-64.1669,27,3.2,Md,6,316.8,0.70787244,0.34,pr,pr15234005,2015-08-22T13:19:57.311Z,"95km NNE of Road Town, British Virgin Islands",earthquake
2015-08-22T03:58:50.000Z,62.0453,-149.1412,18,2.5,ml,,,,0.53,ak,ak11683038,2015-08-22T12:01:30.803Z,"31km NNW of Sutton-Alpine, Alaska",earthquake
2015-08-22T02:35:55.000Z,18.9013,-65.2547,12,2.6,Md,3,316.8,0.59109146,0.05,pr,pr15234003,2015-08-22T10:38:30.434Z,"66km N of Culebra, Puerto Rico",earthquake
2015-08-22T02:25:06.400Z,18.7851,-64.9229,52,2.6,Md,3,255.6,0.57402347,0.09,pr,pr15234002,2015-08-22T10:27:49.398Z,"49km N of Charlotte Amalie, U.S. Virgin Islands",earthquake
2015-08-22T02:10:04.000Z,67.0859,-144.0584,10.4,2.7,ml,,,,1,ak,ak11683031,2015-08-22T10:12:34.318Z,"78km NE of Fort Yukon, Alaska",earthquake
2015-08-22T01:48:55.100Z,38.1804,74.0828,185.54,4.5,mb,,92,2.024,0.73,us,us1000345c,2015-08-22T09:51:40.786Z,"10km E of Murghob, Tajikistan",earthquake
2015-08-22T00:17:49.710Z,-24.0753,-67.2231,198.62,4.4,mb,,129,1.421,1.02,us,us10003459,2015-08-22T08:20:25.561Z,"93km W of San Antonio de los Cobres, Argentina",earthquake
2015-08-22T00:02:21.000Z,56.1599,-155.4341,63.9,3.1,ml,,,,0.34,ak,ak11682999,2015-08-22T08:04:58.762Z,"39km NNE of Chirikof Island, Alaska",earthquake
2015-08-21T23:57:10.970Z,39.7876667,-111.5275,8.36,2.61,ml,44,67,0.226,0.17,uu,uu60120847,2015-08-24T15:47:24.157Z,"19km NNW of Fairview, Utah",earthquake
2015-08-21T21:42:05.670Z,-6.1816,130.356,145.6,4.6,mb,,92,2.019,0.84,us,us10003443,2015-08-22T05:44:46.780Z,"222km NNW of Saumlaki, Indonesia",earthquake
2015-08-21T21:02:39.240Z,-9.7706,119.3555,73.6,4.1,mb,,83,3.06,1.1,us,us1000343s,2015-08-22T05:05:17.738Z,"3km SE of Bogorawatu, Indonesia",earthquake
2015-08-21T21:00:36.800Z,19.1669,-64.1635,50,3.2,Md,12,302.4,0.70966907,0.12,pr,pr15233009,2015-08-22T05:03:16.082Z,"95km NNE of Road Town, British Virgin Islands",earthquake
2015-08-21T20:28:21.090Z,-10.0245,123.9045,48.56,4.8,mb,,52,0.446,0.81,us,us1000343h,2015-08-22T17:06:32.198Z,"38km ENE of Kupang, Indonesia",earthquake
2015-08-21T20:17:12.900Z,20.8651,121.247,9.53,4.7,mb,,69,1.949,0.99,us,us1000343e,2015-08-22T16:05:27.170Z,"62km W of Itbayat, Philippines",earthquake
2015-08-21T20:13:28.050Z,37.4328333,-118.6156667,11.1,2.67,md,46,69,0.02004,0.06,nc,nc72510131,2015-08-22T13:51:58.031Z,"16km WNW of West Bishop, California",earthquake
2015-08-21T19:07:13.050Z,-8.3375,111.9345,122.77,4.2,mb,,100,1.459,0.66,us,us1000342j,2015-08-22T14:41:32.055Z,"11km SSE of Jengglungharjo, Indonesia",earthquake
2015-08-21T18:45:40.390Z,-22.4294,-178.1723,373.29,5.2,mb,,34,5.856,1.33,us,us1000342e,2015-08-22T18:14:12.268Z,"204km SSE of Ndoi Island, Fiji",earthquake
2015-08-21T18:35:32.320Z,52.8275,-172.7968,192.83,4,mb,,149,1.061,1.03,us,us1000342p,2015-08-22T17:56:30.752Z,"110km WNW of Amukta Island, Alaska",earthquake
2015-08-21T18:35:31.000Z,50.6945,-172.576,34.1,3,ml,,,,1,ak,ak11682877,2015-08-22T02:37:59.277Z,"201km SE of Atka, Alaska",earthquake
2015-08-21T17:42:55.350Z,-6.2911,146.7274,116.81,4.7,mb,,37,4.267,0.73,us,us1000341p,2015-08-22T17:13:27.190Z,"55km NNW of Lae, Papua New Guinea",earthquake
2015-08-21T17:38:17.600Z,51.9697,-173.8766,42.48,2.6,ml,,195,0.305,0.32,us,us10003423,2015-08-22T17:10:27.001Z,"33km SE of Atka, Alaska",earthquake
2015-08-21T16:25:57.000Z,19.2991,-64.4523,108,3.2,Md,10,288,0.80489049,0.18,pr,pr15233008,2015-08-22T00:28:25.704Z,"99km N of Road Town, British Virgin Islands",earthquake
2015-08-21T16:04:45.100Z,13.3076,-89.31,69.16,4.2,mb,,132,0.384,0.97,us,us1000340s,2015-08-23T22:10:33.171Z,"20km S of La Libertad, El Salvador",earthquake
2015-08-21T14:34:23.600Z,18.6466,-66.8679,15,2.7,Md,14,226.8,0.21290072,0.31,pr,pr15233006,2015-08-21T22:37:05.545Z,"18km NNW of Hatillo, Puerto Rico",earthquake
2015-08-21T14:32:16.700Z,19.5146,-66.099,25,2.8,Md,5,280.8,1.25584477,0.15,pr,pr15233007,2015-08-21T22:34:45.913Z,"116km N of San Juan, Puerto Rico",earthquake
2015-08-21T14:16:22.950Z,4.5056,-75.6698,51.87,4.3,mb,,105,1.385,1.32,us,us100034d6,2015-08-23T21:50:12.126Z,"3km SSE of Armenia, Colombia",earthquake
2015-08-21T12:50:01.260Z,10.0788,-62.9925,32.07,4.7,mb,,99,2.427,1.01,us,us100033y1,2015-08-21T20:52:41.252Z,"11km ESE of Caripito, Venezuela",earthquake
2015-08-21T11:40:56.000Z,63.0772,-150.9381,129.3,2.6,ml,,,,0.35,ak,ak11682738,2015-08-21T19:43:39.569Z,"94km NNW of Talkeetna, Alaska",earthquake
2015-08-21T11:13:16.550Z,-40.6905,-87.9886,10,4.5,mb,,232,10.949,1.11,us,us100033xx,2015-08-21T19:15:45.712Z,"West Chile Rise",earthquake
2015-08-21T10:48:09.870Z,14.1507,-91.1479,78.37,4.3,mb,,164,0.647,1.22,us,us100033wm,2015-08-21T14:52:17.870Z,"12km NW of La Gomera, Guatemala",earthquake
2015-08-21T07:54:36.910Z,33.2956,132.183,45.07,4.4,mwr,,105,1.108,0.76,us,us100033w5,2015-08-21T10:16:31.206Z,"36km WNW of Uwajima, Japan",earthquake
2015-08-21T07:09:51.090Z,11.9984,-87.9513,11.29,4.6,mb,,165,1.121,0.74,us,us100033w3,2015-08-21T15:12:34.073Z,"98km SSW of Jiquilillo, Nicaragua",earthquake
2015-08-21T06:56:46.490Z,-15.5301,-173.1282,10,4.9,mb,,62,4.667,0.97,us,us100033vw,2015-08-21T14:59:25.923Z,"81km NE of Hihifo, Tonga",earthquake
2015-08-21T06:53:38.000Z,63.7817,-150.3485,10.6,3.8,ml,,,,0.7,ak,ak11682667,2015-08-21T22:15:09.040Z,"68km W of Healy, Alaska",earthquake
2015-08-21T06:17:22.100Z,19.4685,-66.3653,73,3.3,Md,11,288,0.99712997,0.23,pr,pr15233001,2015-08-21T14:20:05.142Z,"110km N of Brenas, Puerto Rico",earthquake
2015-08-21T06:04:30.200Z,-20.5963,-69.2577,112.44,4.4,mb,,64,0.463,1.2,us,us100033vn,2015-08-21T14:07:02.804Z,"101km ESE of Iquique, Chile",earthquake
2015-08-21T05:41:42.540Z,-59.5422,-25.55,47.24,4.9,mb,,75,7.969,1.18,us,us100033vi,2015-08-21T13:44:12.869Z,"79km SE of Bristol Island, South Sandwich Islands",earthquake
2015-08-21T05:22:26.300Z,19.2346,-67.9257,64,3.2,Md,13,262.8,0.83543321,0.47,pr,pr15233005,2015-08-21T13:25:05.411Z,"88km NE of Punta Cana, Dominican Republic",earthquake
2015-08-21T04:00:46.910Z,36.9471,-97.5148,3.66,2.7,mb_lg,,35,0.072,0.57,us,us100034d3,2015-08-23T21:24:51.739Z,"12km SE of Caldwell, Kansas",earthquake
2015-08-21T03:48:33.290Z,-27.5109,-176.3226,42.51,4.6,mb,,74,2.233,0.69,us,us100033uz,2015-08-21T11:51:05.111Z,"248km NE of Raoul Island, New Zealand",earthquake
2015-08-21T03:16:43.100Z,18.9095,-67.6891,40,3,Md,13,226.8,0.55875211,0.98,pr,pr15233003,2015-08-21T11:19:28.028Z,"77km NW of Aguadilla, Puerto Rico",earthquake
2015-08-21T03:06:39.000Z,18.7555,-64.6035,33,2.9,Md,7,259.2,0.32519013,0.27,pr,pr15233000,2015-08-21T11:09:16.230Z,"37km N of Road Town, British Virgin Islands",earthquake
2015-08-20T23:18:40.880Z,51.1409,-178.0082,10,4,mb,,207,0.89,1.25,us,us100033tv,2015-08-21T07:21:09.069Z,"78km E of Amatignak Island, Alaska",earthquake
2015-08-20T23:11:32.000Z,61.1858,-149.3575,32.2,2.6,ml,,,,0.59,ak,ak11682477,2015-08-21T07:14:16.545Z,"29km E of Anchorage, Alaska",earthquake
2015-08-20T21:27:08.570Z,36.6973,-98.1158,4.21,2.7,mb_lg,,58,0.13,0.54,us,us100033sb,2015-08-21T05:29:47.977Z,"21km NE of Helena, Oklahoma",earthquake
2015-08-20T21:24:43.900Z,19.715,-64.5836,38,3.4,Md,17,288,1.22889531,0.1,pr,pr15232005,2015-08-21T05:27:28.008Z,"143km N of Road Town, British Virgin Islands",earthquake
2015-08-20T21:14:30.760Z,37.3419,135.2654,383.53,4,mb,,56,2.054,0.57,us,us100033s9,2015-08-21T05:16:56.978Z,"144km WNW of Hakui, Japan",earthquake
2015-08-20T21:04:33.000Z,59.5603,-152.5766,69.4,3.3,ml,,,,0.75,ak,ak11682395,2015-08-21T05:07:07.256Z,"48km WSW of Anchor Point, Alaska",earthquake
2015-08-20T20:36:09.550Z,40.5576667,-124.8825,25.11,2.75,md,35,262,0.4026,0.24,nc,nc72509656,2015-08-21T00:45:06.155Z,"52km W of Ferndale, California",earthquake
2015-08-20T19:49:22.000Z,51.1472,-178.1956,60.5,2.8,ml,,,,0.74,ak,ak11682337,2015-08-21T03:52:03.232Z,"65km E of Amatignak Island, Alaska",earthquake
2015-08-20T19:21:14.990Z,26.0179,90.2588,45.36,3.9,mb,,130,1.508,0.65,us,us100033t5,2015-08-21T03:11:26.976Z,"4km WSW of Lakhipur, India",earthquake
2015-08-20T18:34:35.500Z,19.0972,-67.693,50,2.8,Md,7,248.4,0.87136583,0.18,pr,pr15232004,2015-08-21T02:37:17.697Z,"91km NW of San Antonio, Puerto Rico",earthquake
2015-08-20T15:34:11.160Z,31.0252,-103.1158,2.16,2.6,mb_lg,,96,1.751,0.9,us,us100033q1,2015-08-21T16:25:21.021Z,"26km WNW of Fort Stockton, Texas",earthquake
2015-08-20T15:10:40.900Z,36.6704,-97.7374,7.014,2.5,ml,,48,,0.68,us,us100033r5,2015-08-21T15:41:05.800Z,"15km S of Medford, Oklahoma",earthquake
2015-08-20T14:59:56.000Z,59.6838,-151.0734,51.2,2.7,ml,,,,0.66,ak,ak11682171,2015-08-20T23:02:35.582Z,"13km ESE of Fritz Creek, Alaska",earthquake
2015-08-20T13:29:09.270Z,-8.1313,149.5409,51.87,5.5,mb,,23,6.423,1.22,us,us100033nw,2015-08-20T21:31:43.880Z,"157km ENE of Popondetta, Papua New Guinea",earthquake
2015-08-20T13:17:54.950Z,37.0542,-97.914,6.31,3.4,ml,,72,0.12,0.21,us,us100033nu,2015-08-20T16:33:20.813Z,"15km SE of Anthony, Kansas",earthquake
2015-08-20T12:57:32.910Z,38.7131,142.2488,43.88,4.6,mb,,134,1.424,1.27,us,us100033nn,2015-08-20T21:00:02.510Z,"60km SE of Ofunato, Japan",earthquake
2015-08-20T12:17:49.970Z,-5.5929,152.8059,10,4.6,mb,,117,1.532,0.88,us,us100033nk,2015-08-20T20:20:25.426Z,"127km SSW of Taron, Papua New Guinea",earthquake
2015-08-20T12:06:42.000Z,59.0213,-150.5453,35.2,2.5,ml,,,,0.48,ak,ak11682081,2015-08-20T20:09:16.155Z,"89km SE of Homer, Alaska",earthquake
2015-08-20T11:00:10.310Z,0.511,126.6202,50.46,5.7,mb,,31,0.79,1.02,us,us100033n1,2015-08-20T22:00:59.040Z,"88km WSW of Kota Ternate, Indonesia",earthquake
2015-08-20T10:55:24.000Z,63.5763,-147.3974,9.3,2.7,ml,,,,0.77,ak,ak11682036,2015-08-20T18:58:02.754Z,"80km ENE of Cantwell, Alaska",earthquake
2015-08-20T10:10:24.020Z,17.4847,145.7316,162.83,4.5,mb,,78,1.137,0.67,us,us100033mw,2015-08-20T18:12:55.499Z,"69km S of Pagan, Northern Mariana Islands",earthquake
2015-08-20T09:55:06.300Z,19.509,-66.374,10,3,Md,7,277.2,1.20913237,0.43,pr,pr15232003,2015-08-20T17:57:43.472Z,"115km N of Brenas, Puerto Rico",earthquake
2015-08-20T08:28:11.410Z,36.2897,-97.5278,1.07,3.6,mb_lg,,35,0.425,0.35,us,us100033m3,2015-08-23T23:36:28.674Z,"21km W of Perry, Oklahoma",earthquake
2015-08-20T07:56:51.400Z,18.4923,-66.1276,84,2.6,Md,15,183.6,0.18595126,0.28,pr,pr15232002,2015-08-20T15:59:30.225Z,"3km NW of San Juan, Puerto Rico",earthquake
2015-08-20T05:14:09.510Z,37.1078,-104.9291,1.08,3.9,mwr,,54,0.415,0.66,us,us100033ki,2015-08-21T17:47:41.040Z,"38km W of Trinidad, Colorado",earthquake
2015-08-20T04:03:56.440Z,36.9853333,-121.4676667,5.56,2.82,md,80,47,0.04228,0.09,nc,nc72509416,2015-08-21T00:09:44.619Z,"9km ESE of Gilroy, California",earthquake
2015-08-20T03:32:01.200Z,19.3904,-66.148,13,3.4,Md,17,259.2,0.97736703,0.21,pr,pr15232000,2015-08-20T11:34:56.497Z,"102km N of San Juan, Puerto Rico",earthquake
2015-08-20T03:30:02.100Z,19.2471,-65.5101,108,3.4,Md,5,284.4,0.95760409,0.07,pr,pr15232001,2015-08-20T11:32:31.269Z,"97km NNE of Vieques, Puerto Rico",earthquake
2015-08-20T02:56:50.860Z,38.138,20.354,46.66,4.4,mb,,134,1.572,1.04,us,us100033jz,2015-08-22T15:19:01.411Z,"9km SW of Lixourion, Greece",earthquake
2015-08-20T02:56:30.560Z,-12.6295,167.0105,232.84,4.5,mb,,71,2.807,0.56,us,us100033k8,2015-08-20T10:59:02.868Z,"150km NNW of Sola, Vanuatu",earthquake
2015-08-20T02:45:41.330Z,37.9953333,-84.8406667,33.83,2.77,md,17,89,0.2693,0.27,se,se60012008,2015-08-20T13:06:36.943Z,"6km SE of Lawrenceburg, Kentucky",earthquake
2015-08-20T00:49:17.700Z,36.8484,-98.2548,3.933,3.5,ml,,191,,0.62,us,us100033jw,2015-08-20T08:51:47.134Z,"13km NE of Cherokee, Oklahoma",earthquake
2015-08-20T00:47:13.290Z,36.8046,-98.2284,2.92,3.9,mb_lg,,93,0.014,0.58,us,us100033jm,2015-08-20T18:12:27.936Z,"12km ENE of Cherokee, Oklahoma",earthquake
2015-08-19T23:54:53.000Z,52.0937,-169.2415,20.7,2.5,ml,,,,0.44,ak,ak11681824,2015-08-20T07:57:29.245Z,"97km SSW of Nikolski, Alaska",earthquake
2015-08-19T23:13:47.580Z,36.5257,-98.4315,1.68,3.2,mb_lg,,83,0.329,0.7,us,us100033j5,2015-08-20T07:16:30.915Z,"14km W of Helena, Oklahoma",earthquake
2015-08-19T22:15:47.960Z,-9.6652,28.6092,15,5.1,mb,,45,5.593,0.47,us,us100033iu,2015-08-20T05:38:33.445Z,"37km SSW of Nchelenge, Zambia",earthquake
2015-08-19T22:04:34.480Z,42.0745,84.4784,10,4.6,mb,,59,4.971,0.88,us,us100033hy,2015-08-20T06:07:12.828Z,"133km ENE of Kuqa, China",earthquake
2015-08-19T22:03:14.200Z,2.2449,126.7445,45.55,4.6,mb,,117,1.59,0.56,us,us100033i0,2015-08-20T06:05:48.218Z,"151km WNW of Tobelo, Indonesia",earthquake
2015-08-19T21:31:03.100Z,36.936,-97.6856,5,2.7,ml,,47,,0.44,us,us100033i3,2015-08-20T05:33:34.559Z,"12km SSW of Caldwell, Kansas",earthquake
2015-08-19T21:13:49.180Z,52.2797,-169.4816,36.56,4.1,mb,,204,0.791,0.82,us,us100033h2,2015-08-20T05:16:25.614Z,"84km SSW of Nikolski, Alaska",earthquake
2015-08-19T19:50:07.200Z,19.3526,-64.5156,101,3.4,Md,4,309.6,0.86328099,0.05,pr,pr15231010,2015-08-20T03:52:41.517Z,"104km N of Road Town, British Virgin Islands",earthquake
2015-08-19T19:46:36.300Z,18.6343,-63.8706,25,2.9,Md,4,352.8,0.52461613,0.03,pr,pr15231009,2015-08-20T03:49:05.336Z,"82km ENE of Road Town, British Virgin Islands",earthquake
2015-08-19T18:57:15.800Z,19.2779,-65.1614,85,3.1,Md,4,298.8,0.94233273,0.2,pr,pr15231008,2015-08-20T02:59:53.744Z,"106km NNW of Charlotte Amalie, U.S. Virgin Islands",earthquake
2015-08-19T18:44:31.990Z,53.0955,-163.3396,10,4.4,mb,,184,1.765,1.01,us,us100033f5,2015-08-20T02:47:12.177Z,"195km S of False Pass, Alaska",earthquake
2015-08-19T18:07:37.280Z,53.6073,-163.6749,10,4.6,mb,,88,1.26,1.16,us,us100033ey,2015-08-20T02:10:22.417Z,"139km S of False Pass, Alaska",earthquake
2015-08-19T17:44:09.000Z,51.4415,-176.1505,17.8,2.6,ml,,,,0.25,ak,ak11681500,2015-08-20T01:47:40.244Z,"60km SE of Adak, Alaska",earthquake
2015-08-19T16:57:35.362Z,41.8984,-119.624,10.7577,2.89,ml,5,133.52,0.138,0.1579,nn,nn00507027,2015-08-23T06:57:54.490Z,"73km ESE of Lakeview, Oregon",earthquake
2015-08-19T15:08:55.000Z,59.2094,-152.5938,69.8,2.9,ml,,,,0.56,ak,ak11681480,2015-08-19T23:11:34.485Z,"76km SW of Homer, Alaska",earthquake
2015-08-19T14:04:45.350Z,32.6718,141.5762,35.29,4.6,mb,,80,1.547,0.97,us,us100033dn,2015-08-19T22:07:46.132Z,"172km ESE of Hachijo-jima, Japan",earthquake
2015-08-19T13:53:49.600Z,19.7299,-64.6867,29,3.1,Md,4,316.8,1.26033634,0.05,pr,pr15231007,2015-08-19T21:56:39.395Z,"145km N of Road Town, British Virgin Islands",earthquake
2015-08-19T12:23:50.640Z,29.1931,142.3297,10,4.7,mb,,131,2.093,0.39,us,us100033de,2015-08-20T07:20:10.936Z,"234km N of Chichi-shima, Japan",earthquake
2015-08-19T11:39:37.940Z,36.5613333,-121.0375,7.85,2.97,ml,85,54,0.0172,0.12,nc,nc72508996,2015-08-20T02:17:25.540Z,"29km ENE of Soledad, California",earthquake
2015-08-19T11:04:26.700Z,19.6987,-64.3927,89,4.8,Md,18,284.4,1.20194585,0.38,pr,pr15231003,2015-08-19T19:06:57.941Z,"112km N of Road Town, British Virgin Islands",earthquake
2015-08-19T11:02:12.830Z,43.7916,88.0026,29.18,4.5,mb,,77,5.024,0.78,us,us100033cu,2015-08-19T15:02:24.237Z,"19km ESE of Lucaogou, China",earthquake
2015-08-19T09:52:00.200Z,19.5757,-66.3004,69,3.2,Md,6,298.8,1.29447232,0.2,pr,pr15231006,2015-08-19T17:54:43.129Z,"122km N of Brenas, Puerto Rico",earthquake
2015-08-19T09:46:35.400Z,19.5771,-68.2089,46,2.7,Md,2,288,1.06899519,0.09,pr,pr15231002,2015-08-19T17:49:05.574Z,"109km NE of Miches, Dominican Republic",earthquake
2015-08-19T08:14:27.900Z,18.4694,-64.5217,54,2.9,Md,7,180,0.10420457,0.02,pr,pr15231004,2015-08-19T16:16:59.325Z,"11km ENE of Road Town, British Virgin Islands",earthquake
2015-08-19T07:50:25.910Z,-1.0716,-80.5858,38.39,4.5,mb,,131,2.499,0.63,us,us100033b8,2015-08-20T02:43:46.147Z,"9km ESE of Montecristi, Ecuador",earthquake
2015-08-19T07:47:15.000Z,52.8613,-173.2287,173.9,2.6,ml,,,,0.42,ak,ak11681422,2015-08-19T21:06:27.024Z,"99km NE of Atka, Alaska",earthquake
2015-08-19T06:48:38.140Z,41.7789,-100.249,5,3.6,mb_lg,,45,1.394,0.47,us,us100033b5,2015-08-20T02:14:00.749Z,"35km SE of Thedford, Nebraska",earthquake
2015-08-19T06:45:49.000Z,51.8344,178.4517,92,3.2,ml,,,,0.34,ak,ak11681413,2015-08-19T21:06:22.702Z,"13km SSW of Little Sitkin Island, Alaska",earthquake
2015-08-19T05:24:27.970Z,19.62,-75.4253,23.74,3.8,ml,,94,0.425,0.95,us,us100033hw,2015-08-19T22:23:10.775Z,"61km SE of Santiago de Cuba, Cuba",earthquake
2015-08-19T05:22:09.000Z,66.0973,-141.5439,35.2,3.1,ml,,,,0.82,ak,ak11681400,2015-08-21T15:15:53.950Z,"118km ENE of Circle,",earthquake
2015-08-19T03:48:49.660Z,14.6242,-92.4514,64.48,4.1,mb,,170,0.739,1.04,us,us100033gw,2015-08-19T21:19:34.412Z,"11km SSW of Puerto Madero, Mexico",earthquake
2015-08-19T02:39:26.000Z,17.5347,-67.377,26,2.9,Md,8,324,0.89023045,0.14,pr,pr15231000,2015-08-19T10:42:10.823Z,"52km SSW of Pole Ojea, Puerto Rico",earthquake
2015-08-19T01:51:35.400Z,19.5419,-65.3632,88,3.5,Md,10,266.4,1.22889531,0.43,pr,pr15231001,2015-08-19T09:54:07.543Z,"133km NNE of Vieques, Puerto Rico",earthquake
2015-08-19T01:10:38.000Z,66.0216,-141.2277,13.5,2.7,ml,,,,1.07,ak,ak11681356,2015-08-19T09:13:20.073Z,"130km E of Circle, ",earthquake
2015-08-19T00:46:45.650Z,4.263,95.3832,45.04,4.7,mb,,165,3.665,1.06,us,us100033ab,2015-08-19T08:49:19.975Z,"83km W of Meulaboh, Indonesia",earthquake
2015-08-18T22:35:10.000Z,63.2399,-150.5604,133.1,2.6,ml,,,,0.36,ak,ak11681308,2015-08-19T06:37:41.529Z,"82km W of Cantwell, Alaska",earthquake
2015-08-18T21:58:12.940Z,35.362,31.2548,51.96,4,mb,,172,1.597,1.12,us,us1000339u,2015-08-19T06:00:41.531Z,"112km WNW of Polis, Cyprus",earthquake
2015-08-18T21:21:16.400Z,18.9726,-65.1045,40,2.9,Md,6,255.6,0.63331228,0.25,pr,pr15230005,2015-08-19T00:15:23.255Z,"72km NNW of Charlotte Amalie, U.S. Virgin Islands",earthquake
2015-08-18T21:19:42.540Z,35.5241,31.2988,29.75,4.9,mb,,130,1.546,1.26,us,us1000339b,2015-08-20T19:50:18.000Z,"115km WNW of Polis, Cyprus",earthquake
2015-08-18T20:48:23.750Z,-7.3781,128.5692,161.5,5,mb,,63,2.771,0.92,us,us1000338w,2015-08-19T15:15:18.914Z,"Kepulauan Barat Daya, Indonesia",earthquake
2015-08-18T20:38:35.351Z,41.8874,-119.6269,12.4276,2.78,ml,7,133.45,0.141,0.1274,nn,nn00506928,2015-08-19T14:54:47.040Z,"68km ESE of Lakeview, Oregon",earthquake
2015-08-18T19:16:58.540Z,34.4467,140.5088,79.28,4.7,mb,,154,1.448,0.65,us,us1000337w,2015-08-19T14:42:44.207Z,"78km SSE of Katsuura, Japan",earthquake
2015-08-18T18:01:24.600Z,36.0678,-97.2017,5.353,2.5,ml,,55,,0.56,us,us1000338q,2015-08-19T14:01:38.320Z,"13km WSW of Stillwater, Oklahoma",earthquake
2015-08-18T15:36:07.970Z,-18.1525,168.2765,22.93,4.8,mb,,81,2.787,1.24,us,us1000336i,2015-08-18T23:29:10.140Z,"46km S of Port-Vila, Vanuatu",earthquake
